{
    "mean_speeds": 2.791190309439901,
    "std_speeds": 1.5930764371138832,
    "mean_dist": 543.3085119524127,
    "std_dist": 348.1548840605905,
    "mean_time": 275.1878985507246,
    "std_time": 293.6239531383198,
    "heading_deviations": [
        53.86956522,
        39.95652174,
        24.17391304,
        12.08695652,
        3.69565217,   
    1,  2,
        3.34782609,
        4.13043478,
        3.26086957,
        1.7826087,  0
    ],
    "heading_deviations_norm": [
        43.44912819,
        28.60157059,
        14.00222944,
        7.27640831,
        2.38461985,
        0.45445018,
        0.52770449,
        0.88333142,
        1.08982448,
        0.86038775,
        0.4703453,  0
    ],
    "chisq": 255.67832241894794,
    "p": 1.806030717421033e-48
}