{"mean_speeds": 2.5831682897206574, "std_speeds": 0.3082488814833864, "heading_deviations": [44, 114, 43, 0, 0, 0, 0, 0, 0, 0, 0, 0], "heading_deviations_norm": [21, 56, 21, 0, 0, 0, 0, 0, 0, 0, 0, 0], "chisq": 394.0000000000001, "p": 1.1487132331159615e-77, "mean_dist": 460.39721186620875, "std_dist": 285.22231330657365, "mean_time": 203.23076923076923, "std_time": 173.3028269316032}