{"mean_speeds": 2.807857918367055, "std_speeds": 0.23506560551847125, "heading_deviations": [3, 26, 187, 253, 147, 8, 0, 0, 0, 2, 0, 0], "heading_deviations_norm": [0, 4, 29, 40, 23, 1, 0, 0, 0, 0, 0, 0], "chisq": 272.52577319587624, "p": 5.2734676320256226e-52, "mean_dist": 1630.8323594617614, "std_dist": 935.6741636589965, "mean_time": 593.3333333333334, "std_time": 353.6194596203979}